Name,url,Active,Years Played,Position,Clubs Played,IOC
Vlad Achim,/en/players/c4f42d8a/Vlad-Achim,True,2009-2024,MF,"FC U Craiova, Ceahlăul Piatra Neamț, Viitorul Constanța, Dinamo București, Steaua București, Volunta",ROU
Mihai Adăscăliței,/en/players/4b9da0cc/Mihai-Adascalitei,True,2023-2024,MF,Oțelul Galați,ROU
Ionut Ailenei,/en/players/c90b6ad9/Ionut-Ailenei,True,2023-2024,GK,Politehnica Iași,ROU
Mihai Aioani,/en/players/77ff2c28/Mihai-Aioani,True,2019-2024,GK,"Farul Constanța, Rapid București, Romania, Chindia Târgoviște",ROU
Ümit Akdag,/en/players/d746900e/Umit-Akdag,True,2021-2023,DF,,ROU
Constantin Albu,/en/players/0ae7460a/Constantin-Albu,True,2017-2024,MF,"FC U Craiova, Jong Utrecht",ROU
Cristian Albu,/en/players/54691795/Cristian-Albu,True,2014-2024,"DF,MF","Rapid București, Concordia Chiajna, UTA Arad, FC Academica Clinceni",ROU
Calota Alessio,/en/players/8f2060e0/Calota-Alessio,True,2023-2024,UTA Arad,,ROU
Valentin Alexandru,/en/players/f13b4ff5/Valentin-Alexandru,True,2016-2019,FW,"Dunărea Călărași, Pandurii Târgu Jiu, Concordia Chiajna",ROU
Denis Alibec,/en/players/a1474d8e/Denis-Alibec,True,2008-2024,FW,"Romania, Astra Giurgiu, Farul Constanța, FCSB, Viitorul Constanța, CFR Cluj, Kayserispor, Atromitos,",ROU
Costin Amzăr,/en/players/6abe948b/Costin-Amzar,True,2021-2024,DF,Dinamo București,ROU
Florin Andone,/en/players/dc008610/Florin-Andone,True,2014-2024,FW,"Eldense, Deportivo La Coruña, Córdoba, Brighton & Hove Albion, Romania, Las Palmas, Galatasaray, Cád",ROU
Doru Andrei,/en/players/c46fa8e3/Doru-Andrei,True,2022-2024,MF,Voluntari,ROU
Robert Andrei Ion,/en/players/cfc029e3/Robert-Andrei-Ion,True,2019-2024,MF,"Politehnica Iași, FC Academica Clinceni, Farul Constanța, Voluntari",ROU
Ionuț Andrei Șerban,/en/players/353756af/Ionut-Andrei-Serban,True,2013-2023,MF,"Argeș Pitești, Viitorul Constanța",ROU
Costinel Andrei Tofan,/en/players/0cc71218/Costinel-Andrei-Tofan,True,2020-2023,DF,Argeș Pitești,ROU
Vlăduţ Andreș,/en/players/385ec514/Vladut-Andres,True,2021-2024,DF,Voluntari,ROU
Luca Andronache,/en/players/50100289/Luca-Andronache,True,2019-2024,FW,"Farul Constanța, Viitorul Constanța",ROU
Liviu Antal,/en/players/6eaacf61/Liviu-Antal,True,2009-2023,MF,"Oțelul Galați, Vaslui, UTA Arad, Mioveni, Pandurii Târgu Jiu, Gençlerbirliği, CFR Cluj",ROU
Paul Anton,/en/players/c7723cf0/Paul-Anton,True,2009-2023,MF,"Pandurii Târgu Jiu, Dinamo București, Samara, Gloria Bistrița, Ponferradina, Getafe, UTA Arad, Roman",ROU
Andrei Artean,/en/players/1500c475/Andrei-Artean,True,2015-2024,"DF,MF","Farul Constanța, Romania, Viitorul Constanța, Poli Timișoara",ROU
Robert Bădescu,/en/players/813d01be/Robert-Badescu,True,2022-2024,DF,Rapid București,ROU
Stefan Baiaram,/en/players/af041fb8/Stefan-Baiaram,True,2019-2024,"FW,MF",CS Universitatea Craiova,ROU
Ioana Balaceanu,/en/players/76bf0e39/Ioana-Balaceanu,True,2019-2025,MF,Romania,ROU
Claudiu Balan,/en/players/40f997a8/Claudiu-Balan,True,2021-2024,FW,"PAS Giannina, FC U Craiova",ROU
Mihai Bălașa,/en/players/cb85d8d0/Mihai-Balasa,True,2012-2024,DF,"Sepsi Sfântu Gheorghe, Steaua București, CS Universitatea Craiova, Crotone, Viitorul Constanța, Trap",ROU
Silviu Balaure,/en/players/45af5ced/Silviu-Balaure,True,2013-2024,"FW,MF","FC Sibiu, Astra Giurgiu",ROU
Raul Bălbărău,/en/players/d08abec0/Raul-Balbarau,True,2022-2024,GK,Petrolul Ploiești,ROU
Cristian Bălgrădean,/en/players/60a6fe9c/Cristian-Balgradean,True,2010-2024,GK,"CFR Cluj, Dinamo București, Concordia Chiajna, FCSB, Universitatea Craiova, Unirea Urziceni",ROU
Alexandru Băluță,/en/players/baa82726/Alexandru-Baluta,True,2013-2024,"FW,MF","FCSB, Universitatea Craiova, Puskás Akadémia, Slavia Praha, Viitorul Constanța, Slovan Liberec, Roma",ROU
Tudor Băluță,/en/players/ed33f42d/Tudor-Baluta,True,2015-2024,"DF,MF","Farul Constanța, Romania, Viitorul Constanța, Brighton & Hove Albion U23, ADO Den Haag, Dynamo Kyiv",ROU
Stefan Bana,/en/players/10744d3e/Stefan-Bana,True,2023-2024,FW,CS Universitatea Craiova,ROU
Nicușor Bancu,/en/players/99847dc0/Nicusor-Bancu,True,2014-2024,"DF,MF","CS Universitatea Craiova, Romania",ROU
Ahmed Bani Mustafa,/en/players/60ffb375/Ahmed-Bani-Mustafa,True,2018-2024,MF,Dinamo București,ROU
Luca Banu,/en/players/deee4c68/Luca-Banu,True,2022-2024,FW,Farul Constanța,ROU
Alexandru Bănuță,/en/players/2ba89941/Alexandru-Banuta,True,2007-2023,MF,,ROU
David Barbu,/en/players/48edbc0f/David-Barbu,True,2023-2024,FW,CS Universitatea Craiova,ROU
Luca Bărbulescu,/en/players/050cca5d/Luca-Barbulescu,True,2023-2024,FW,Augsburg U17,ROU
Cristian Bărbuț,/en/players/dd8f5835/Cristian-Barbut,True,2013-2024,"FW,MF","FC Sibiu, Universitatea Craiova, Poli Timișoara, Sepsi Sfântu Gheorghe",ROU
Mara Bâtea,/en/players/7d48eb40/Mara-Batea,True,2017-2025,MF,Romania,ROU
Hunor Batzula,/en/players/ee9d58e6/Hunor-Batzula,True,2023-2024,MF,Sepsi Sfântu Gheorghe,ROU
Răzvan Began,/en/players/24dec25b/Razvan-Began,True,2018-2024,GK,"Botoșani, Dinamo București, Sepsi Sfântu Gheorghe",ROU
Florin Bejan,/en/players/b011358e/Florin-Bejan,True,2012-2024,DF,"FC Sibiu, Astra Giurgiu, Târgu Mureș, Viitorul Constanța, Dinamo București, Cracovia, FC Academica C",ROU
Claudiu Belu-Iordache,/en/players/ba9da7e3/Claudiu-Belu-Iordache,True,2012-2024,DF,"Politehnica Iași, Astra Giurgiu, Poli Timișoara, Rapid București, FC Sibiu, Concordia Chiajna, Volun",ROU
Alexandru Benga,/en/players/f02235b3/Alexandru-Benga,True,2011-2024,"DF,MF","UTA Arad, Petrolul Ploiești, Chindia Târgoviște, Septemvri Sofia, Oțelul Galați, Juventus București,",ROU
Denis Benga,/en/players/c9726fb2/Denis-Benga,True,2021-2024,DF,CS Universitatea Craiova,ROU
Romario Benzar,/en/players/2e3596d1/Romario-Benzar,True,2012-2024,"DF,MF","Botoșani, Viitorul Constanța, FCSB, Romania, UTA Arad, Farul Constanța, Lecce, Perugia",ROU
Ovidiu Bic,/en/players/b627ed26/Ovidiu-Bic,True,2016-2024,MF,"Universitatea Cluj, Gaz Metan Mediaș, Universitatea Craiova, Chindia Târgoviște",ROU
Ionuț Biceanu,/en/players/f5d1987a/Ionut-Biceanu,True,2017-2024,MF,"FC Sibiu, Astra Giurgiu",ROU
Eric Bicfalvi,/en/players/26d8b002/Eric-Bicfalvi,True,2006-2024,"FW,MF","Ural Yekaterinburg, Steaua București, Volyn Lutsk, Gloria Buzău, Jiul Petroșani, Tom Tomsk, Liaoning",ROU
Daniel Birligea,/en/players/591462f3/Daniel-Birligea,True,2020-2024,FW,"CFR Cluj, Romania",ROU
Claudia Bistrian,/en/players/03bd3f97/Claudia-Bistrian,True,2019-2025,DF,Romania,ROU
Stefan Blanaru,/en/players/07ab4caf/Stefan-Blanaru,True,2018-2023,FW,"FC Sibiu, Mioveni",ROU
Vladislav Blanuta,/en/players/57fdfae8/Vladislav-Blanuta,True,2020-2024,FW,FC U Craiova,ROU
Andrei Blejdea,/en/players/961cada1/Andrei-Blejdea,True,2020-2021,FW,"Argeș Pitești, Dinamo București",ROU
Alexandru Blidar,/en/players/651c2b0c/Alexandru-Blidar,True,2021-2024,MF,FC U Craiova,ROU
Radu Boboc,/en/players/eb0955c5/Radu-Boboc,True,2015-2024,"DF,MF","Voluntari, Viitorul Constanța, Farul Constanța, FCSB",ROU
Stefan Bodisteanu,/en/players/2e028276/Stefan-Bodisteanu,True,2019-2024,FW,"Oțelul Galați, Viitorul Constanța",ROU
David Bogdan Ciubăncan,/en/players/723e5965/David-Bogdan-Ciubancan,True,2023-2024,FW,CFR Cluj,ROU
Deian Boldor,/en/players/9b7533de/Deian-Boldor,True,2014-2023,DF,"Chindia Târgoviște, Argeș Pitești, Hellas Verona, Foggia, Montreal Impact, Virtus Lanciano",ROU
Daniel Boloca,/en/players/85f7ed25/Daniel-Boloca,True,2020-2024,MF,"Sassuolo, Frosinone",ROU
Gabriele Boloca,/en/players/36e88056/Gabriele-Boloca,True,2019-2024,DF,Ternana,ROU
Alexandru Borbei,/en/players/37b48a61/Alexandru-Borbei,True,2020-2024,GK,Lecce,ROU
Ioan Borcea,/en/players/9046f4c3/Ioan-Borcea,True,2019-2024,MF,Dinamo București,ROU
Mihai Bordeianu,/en/players/0fd37a3d/Mihai-Bordeianu,True,2014-2024,MF,"Politehnica Iași, Universitatea Cluj, CFR Cluj, Botoșani, Al-Qadsiah, Romania",ROU
Denis Bordun,/en/players/dd7a9b73/Denis-Bordun,True,2023-2024,MF,Oțelul Galați,ROU
Antonio Bordusanu,/en/players/c8cd2160/Antonio-Bordusanu,True,2020-2024,MF,Dinamo București,ROU
Adina Borodi,/en/players/9f694bb3/Adina-Borodi,True,2022-2025,FW,Romania,ROU
Florin Borta,/en/players/4e3fcec1/Florin-Borta,True,2018-2024,MF,"CS Universitatea Craiova, Petrolul Ploiești",ROU
Ioana Bortan,/en/players/501f3937/Ioana-Bortan,True,2017-2025,MF,Romania,ROU
Andrei Borza,/en/players/dbde8f74/Andrei-Borza,True,2021-2024,DF,"Rapid București, Romania, Farul Constanța",ROU
Alexandru Bota,/en/players/ba759bcc/Alexandru-Bota,True,2022-2023,MF,,ROU
Cristina Botojel,/en/players/146625ab/Cristina-Botojel,True,2022-2024,DF,"Fortuna Hjørring, Romania",ROU
Antonia Bratu,/en/players/03356874/Antonia-Bratu,True,2020-2025,DF,Romania,ROU
Mario Bratu,/en/players/d729f58f/Mario-Bratu,True,2022-2024,MF,Petrolul Ploiești,ROU
Marius Briceag,/en/players/d6fdf286/Marius-Briceag,True,2014-2024,"DF,MF","Korona Kielce, Universitatea Craiova, Voluntari, Universitatea Cluj, FCSB",ROU
Adrian Briciu,/en/players/f74c7412/Adrian-Briciu,True,2023-2024,GK,Rapid București,ROU
Raul Bucur,/en/players/5c3dc27c/Raul-Bucur,True,2022-2024,FW,Petrolul Ploiești,ROU
Cosmin Bucuroiu,/en/players/c5b64188/Cosmin-Bucuroiu,True,2022-2024,FW,FC Sibiu,ROU
Constantin Budescu,/en/players/2196d7d2/Constantin-Budescu,True,2010-2024,"FW,MF","Farul Constanța, Petrolul Ploiești, Astra Ploiești, FCSB, Al-Shabab, Romania, Damac, Voluntari",ROU
Claudiu Bumba,/en/players/9be448c0/Claudiu-Bumba,True,2011-2023,MF,"Kisvárda, Târgu Mureș, Concordia Chiajna, Dinamo București, Fehérvár",ROU
Andrei Burcă,/en/players/c83623e2/Andrei-Burca,True,2016-2024,DF,"Al Okhdood SC, Romania, CFR Cluj, Botoșani",ROU
Ionuț Burnea,/en/players/8e69ad06/Ionut-Burnea,True,2021-2023,DF,Mioveni,ROU
Rareș-Cătălin Burnete,/en/players/7c4b4e36/Rares-Catalin-Burnete,True,2023-2024,FW,Lecce,ROU
Sergiu Buș,/en/players/f7c30613/Sergiu-Bus,True,2009-2024,FW,"Politehnica Iași, Levski Sofia, CFR Cluj, Gaz Metan Mediaș, Corona Brașov, Târgu Mureș, CSKA Sofia,",ROU
Gabriel Buta,/en/players/76c3e52f/Gabriel-Buta,True,2019-2024,DF,"FC U Craiova, Farul Constanța",ROU
Mihai Butean,/en/players/9df4a7e8/Mihai-Butean,True,2014-2024,"DF,MF","FC Sibiu, Gaz Metan Mediaș, Astra Giurgiu, Chindia Târgoviște, CFR Cluj",ROU
Alexandru Buzbuchi,/en/players/cb9395ed/Alexandru-Buzbuchi,True,2012-2024,GK,"Farul Constanța, Viitorul Constanța, Gaz Metan Mediaș",ROU
Cătălin Cabuz,/en/players/e950e129/Catalin-Cabuz,True,2014-2024,GK,"FC Sibiu, Chindia Târgoviște, Viitorul Constanța",ROU
Andreas Calcan,/en/players/a484c7ee/Andreas-Calcan,True,2013-2024,"FW,MF","Universitatea Cluj, Cherno More, Argeș Pitești, Dordrecht, Politehnica Iași, Mezőkövesd, Viitorul Co",ROU
Eduard Calin,/en/players/a2a54341/Eduard-Calin,True,2018-2024,MF,Manchego Ciudad Real,ROU
Camora,/en/players/ca033449/Camora,True,2006-2024,"DF,MF","CFR Cluj, Romania, Naval",ROU
Sara Campean,/en/players/4c550109/Sara-Campean,True,2019-2025,GK,,ROU
Mihai Căpățînă,/en/players/c6833991/Mihai-Capatina,True,2015-2024,"DF,MF","CS Universitatea Craiova, Voluntari",ROU
Silviu Capotă,/en/players/aa6ef513/Silviu-Capota,True,2021-2024,FW,"Karlsruher U19, Karlsruher U17",ROU
Andrei Caprescu,/en/players/77fba467/Andrei-Caprescu,True,2022-2023,FW,Mioveni,ROU
Tiberiu Căpușă,/en/players/278d5e27/Tiberiu-Capusa,True,2017-2024,DF,"UTA Arad, Chindia Târgoviște, Viitorul Constanța",ROU
Codrin Cărăușu,/en/players/b8ebaffa/Codrin-Carausu,True,2022-2024,FW,Botoșani,ROU
Nicolae Carnat,/en/players/58df8bfe/Nicolae-Carnat,True,2017-2024,"FW,MF","Voluntari, Farul Constanța, Sepsi Sfântu Gheorghe, Mioveni, Rapid București, CFR Cluj, Dunărea Călăr",ROU
Cristina Carp,/en/players/aeb6bd12/Cristina-Carp,True,2017-2025,FW,"BSC YB Frauen, Romania, Pink Bari, Fortuna Hjørring, Sampdoria",ROU
Carlo Casap,/en/players/27e8294a/Carlo-Casap,True,2014-2024,MF,"Farul Constanța, Botoșani, Viitorul Constanța",ROU
Camelia Ceasar,/en/players/6dbaaf41/Camelia-Ceasar,True,2016-2025,GK,"AS Roma, Romania, Milan",ROU
Daniel Celea,/en/players/e5bed2d4/Daniel-Celea,True,2015-2024,DF,"Botoșani, Chindia Târgoviște, Sepsi Sfântu Gheorghe",ROU
Octavian Cepoi,/en/players/ebbc89d6/Octavian-Cepoi,True,2023-2024,FW,Rapid București,ROU
Ionuț Cercel,/en/players/0d4669d7/Ionut-Cercel,True,2022-2024,MF,Farul Constanța,ROU
Andrei Chindriş,/en/players/1035d300/Andrei-Chindris,True,2016-2023,DF,"Botoșani, UTA Arad",ROU
Alin Chinteș,/en/players/e57014cb/Alin-Chintes,True,2023-2024,DF,Universitatea Cluj,ROU
Alexandru Chipciu,/en/players/c9081f9a/Alexandru-Chipciu,True,2009-2024,"DF,FW","Universitatea Cluj, Steaua București, CFR Cluj, Anderlecht, Brașov, Romania, Sparta Prague",ROU
Vlad Chiricheș,/en/players/c316607a/Vlad-Chiriches,True,2009-2024,DF,"FCSB, Romania, Sassuolo, Napoli, Pandurii Târgu Jiu, Tottenham Hotspur, Cremonese, Internațional Cur",ROU
Aurelian Chițu,/en/players/cf153882/Aurelian-Chitu,True,2012-2024,"FW,MF","FC U Craiova, Viitorul Constanța, Astra Giurgiu, Farul Constanța, Valenciennes, PAS Giannina",ROU
Fabiano Cibi,/en/players/3e9d0c5f/Fabiano-Cibi,True,2021-2023,MF,,ROU
Alexandru Cicâldău,/en/players/cdafb19d/Alexandru-Cicaldau,True,2015-2024,MF,"Romania, Konyaspor, Universitatea Craiova, Galatasaray, Viitorul Constanța",ROU
George Cîmpanu,/en/players/194b45f5/George-Cimpanu,True,2019-2024,MF,"CS Universitatea Craiova, Universitatea Cluj, Botoșani",ROU
Alberto Cimpoeșu,/en/players/a089ac86/Alberto-Cimpoesu,True,2023-2024,GK,CFR Cluj,ROU
Andrei Ciobanu,/en/players/3863ecde/Andrei-Ciobanu,True,2015-2024,MF,"Politehnica Iași, Voluntari, Viitorul Constanța, Farul Constanța, Rapid București",ROU
Denis-Andrei Ciobanu,/en/players/b759be09/Denis-Andrei-Ciobanu,True,2019-2024,MF,"Politehnica Iași, Wuppertaler U17, Arminia Bielefeld U17, Arminia Bielefeld U19",ROU
Marius Ciobanu,/en/players/4c57003d/Marius-Ciobanu,True,2019-2024,MF,"FC U Craiova, FC Academica Clinceni",ROU
Denis Ciobotariu,/en/players/a63c8107/Denis-Ciobotariu,True,2018-2024,DF,"Sepsi Sfântu Gheorghe, Dinamo București, CFR Cluj, Voluntari",ROU
Marius Cioiu,/en/players/e51b84a3/Marius-Cioiu,True,2021-2024,MF,"Botoșani, FC Academica Clinceni, Petrolul Ploiești",ROU
Andrei Ciolacu,/en/players/eabc4538/Andrei-Ciolacu,True,2010-2018,FW,"Târgu Mureș, Rapid București, Juventus București",ROU
Mihaela Ciolacu,/en/players/72356553/Mihaela-Ciolacu,True,2017-2025,MF,Romania,ROU
Cătălin Cîrjan,/en/players/701942fd/Catalin-Cirjan,True,2020-2024,MF,"Rapid București, Arsenal U21, Arsenal U23",ROU
George Cirjan,/en/players/42f24012/George-Cirjan,True,2023-2024,FW,Oțelul Galați,ROU
Kevin Ciubotaru,/en/players/6b01fb6d/Kevin-Ciubotaru,True,2023-2024,DF,FC Sibiu,ROU
Paul Ciupei,/en/players/4b367665/Paul-Ciupei,True,2023-2024,MF,CFR Cluj,ROU
Angelo Cocian,/en/players/66aca403/Angelo-Cocian,True,2023-2024,MF,Voluntari,ROU
Ionuț Cojocaru,/en/players/056e7524/Ionut-Cojocaru,True,2022-2024,FW,"Farul Constanța, Petrolul Ploiești",ROU
Valentin Cojocaru,/en/players/04d9bce8/Valentin-Cojocaru,True,2012-2024,GK,"OH Leuven, Pogoń Szczecin, Viitorul Constanța, Steaua București, Voluntari, SC Dnipro-1",ROU
Florinel Coman,/en/players/a9440c25/Florinel-Coman,True,2014-2024,"FW,MF","FCSB, Romania, Viitorul Constanța",ROU
Daniel Constantin Florea,/en/players/1215c8d1/Daniel-Constantin-Florea,True,2006-2024,FW,"Voluntari, Chindia Târgoviște, Astra Giurgiu, Concordia Chiajna, Farul Constanța",ROU
Mihai Constantinescu,/en/players/b4db954e/Mihai-Constantinescu,True,2023-2024,MF,Petrolul Ploiești,ROU
Marius Corbu,/en/players/4d5fbdde/Marius-Corbu,True,2020-2024,FW,Puskás Akadémia,ROU
Andrei Cordea,/en/players/6775d5d1/Andrei-Cordea,True,2018-2024,"FW,MF","FCSB, Al-Ta'ee, FC Academica Clinceni, FC Sibiu, Romania",ROU
Valentin Costache,/en/players/046f03cc/Valentin-Costache,True,2015-2024,"FW,MF","Rapid București, CFR Cluj, Dinamo București",ROU
Mihai Costea,/en/players/a4542839/Mihai-Costea,True,2007-2021,FW,"Universitatea Craiova, Steaua București, Chindia Târgoviște, Voluntari",ROU
Cristian Costin,/en/players/beca411e/Cristian-Costin,True,2019-2024,"DF,MF","Dinamo București, Voluntari",ROU
Razvan Cret,/en/players/92d6645c/Razvan-Cret,True,2023-2024,DF,Botoșani,ROU
Alexandru Crețu,/en/players/52d320d4/Alexandru-Cretu,True,2012-2024,"DF,MF","CS Universitatea Craiova, Studențesc Iași, Romania, FCSB",ROU
Geani Cretu,/en/players/07946f03/Geani-Cretu,True,2018-2024,MF,"Dinamo București, Argeș Pitești",ROU
Valentin Crețu,/en/players/31e5594c/Valentin-Cretu,True,2008-2024,"DF,MF","FCSB, Gaz Metan Mediaș, Concordia Chiajna, Poli Timișoara, Energie Cottbus, Rapid București",ROU
Iulian Cristea,/en/players/9cc7dd10/Iulian-Cristea,True,2014-2024,"DF,MF","Rapid București, FCSB, Gaz Metan Mediaș, Romania",ROU
Sorin Cucu,/en/players/9c076cab/Sorin-Cucu,True,2012-2023,DF,"Oțelul Galați, Fleury 91, US Granville",ROU
Marian Danciu,/en/players/65a8a5de/Marian-Danciu,True,2020-2024,FW,CS Universitatea Craiova,ROU
Gabriel Danuleasa,/en/players/2d71e9ea/Gabriel-Danuleasa,True,2019-2024,DF,Farul Constanța,ROU
Flavius Dănuț Croitoru,/en/players/801409fe/Flavius-Danut-Croitoru,True,2020-2023,GK,"Argeș Pitești, Mioveni",ROU
Sorin Danut Serban,/en/players/c4b69ea8/Sorin-Danut-Serban,True,2019-2024,DF,"Politehnica Iași, FCSB",ROU
Andrei David,/en/players/4cc58ee5/Andrei-David,True,2023-2024,MF,UTA Arad,ROU
Ciprian Deac,/en/players/ed16a617/Ciprian-Deac,True,2006-2024,"FW,MF","CFR Cluj, Rapid București, Romania, Oțelul Galați, Schalke 04",ROU
Ronaldo Deaconu,/en/players/854a6c62/Ronaldo-Deaconu,True,2016-2024,MF,"Korona Kielce, Farul Constanța, Gaz Metan Mediaș, Concordia Chiajna, Sepsi Sfântu Gheorghe, Târgu Mu",ROU
Alin Demici,/en/players/dfabecce/Alin-Demici,True,2021-2022,DF,,ROU
Victor Dican,/en/players/a7246c42/Victor-Dican,True,2021-2024,"DF,MF",Botoșani,ROU
Andrei Dima,/en/players/f8a09b18/Andrei-Dima,True,2021-2024,FW,"Voluntari, FC Academica Clinceni",ROU
Alexandru Dinoci,/en/players/77477bf7/Alexandru-Dinoci,True,2021-2022,MF,,ROU
Krisztian Dobozi,/en/players/8a15f114/Krisztian-Dobozi,True,2022-2024,DF,Sepsi Sfântu Gheorghe,ROU
Mihai Dobre,/en/players/a1f3f5a0/Mihai-Dobre,True,2017-2024,"FW,MF","Famalicão, Romania, Dijon, Yeovil Town, Bury, Rochdale",ROU
Alin Dobrosavlevici,/en/players/f1ebc029/Alin-Dobrosavlevici,True,2013-2023,DF,"Dunărea Călărași, Argeș Pitești, Viitorul Constanța, Târgu Mureș, Concordia Chiajna, Farul Constanța",ROU
Iustin Doicaru,/en/players/3ed86330/Iustin-Doicaru,True,2023-2024,FW,Farul Constanța,ROU
Virgil Drăghia,/en/players/b20d5f0e/Virgil-Draghia,True,2011-2024,GK,"Rapid București, Juventus București, Voluntari, Concordia Chiajna",ROU
Robert Drăghici,/en/players/7e6951ac/Robert-Draghici,True,2023-2024,DF,Augsburg U17,ROU
George Dragomir,/en/players/1091e38c/George-Dragomir,True,2019-2024,FW,"Botoșani, Sepsi Sfântu Gheorghe",ROU
Adrian Dragos,/en/players/48231a91/Adrian-Dragos,True,2023-2024,FW,UTA Arad,ROU
Andrei Dragu,/en/players/d7db52cc/Andrei-Dragu,True,2021-2024,MF,"Botoșani, FC U Craiova",ROU
Denis Drăguș,/en/players/0e490f6e/Denis-Dragus,True,2015-2024,FW,"Standard Liège, Gaziantep FK, Romania, Viitorul Constanța, Crotone, Genoa",ROU
Radu Drăgușin,/en/players/620922ed/Radu-Dragusin,True,2020-2024,DF,"Genoa, Romania, Tottenham Hotspur, Sampdoria, Salernitana, Juventus",ROU
Răzvan Ducan,/en/players/6bb5562e/Razvan-Ducan,True,2018-2024,GK,"Botoșani, Mioveni",ROU
Marco Dulca,/en/players/285e6524/Marco-Dulca,True,2017-2023,MF,"Chindia Târgoviște, Viitorul Constanța, FCSB, Swansea City U23",ROU
Ioan Dumiter,/en/players/1b3e82bb/Ioan-Dumiter,True,2019-2024,FW,"Voluntari, FCSB, Sepsi Sfântu Gheorghe, Chindia Târgoviște",ROU
Augustin Dumitrache,/en/players/9f2251b2/Augustin-Dumitrache,True,2023-2024,MF,Petrolul Ploiești,ROU
Valentin Dumitrache,/en/players/f128697c/Valentin-Dumitrache,True,2021-2024,MF,"Farul Constanța, FC Academica Clinceni",ROU
Denis Dumitrașcu,/en/players/bf725033/Denis-Dumitrascu,True,2019-2024,"DF,MF","UTA Arad, Chindia Târgoviște, Argeș Pitești",ROU
Andres Dumitrescu,/en/players/1994703a/Andres-Dumitrescu,True,2021-2024,DF,"Sepsi Sfântu Gheorghe, Slavia Prague, Romania",ROU
Lucian Dumitriu,/en/players/782bde5a/Lucian-Dumitriu,True,2018-2024,MF,"Petrolul Ploiești, FC Sibiu, Mioveni, FC Academica Clinceni",ROU
Antonio Dumitru,/en/players/a0c1cab3/Antonio-Dumitru,True,2023-2024,FW,Politehnica Iași,ROU
George Dumitru,/en/players/d33c00dd/George-Dumitru,True,2021-2024,MF,"1860 Munich U19, 1860 Munich U17",ROU
Cosmin Dur-Bozoancă,/en/players/5b4252ab/Cosmin-Dur-Bozoanca,True,2021-2024,GK,Oțelul Galați,ROU
Matteo Dutu,/en/players/a07a8634/Matteo-Dutu,True,2023-2024,DF,Lazio,ROU
Marco Ehmann,/en/players/dbd93a62/Marco-Ehmann,True,2016-2024,DF,"Stal Mielec, Dinamo București, Dortmund U17",ROU
Mario Enache,/en/players/a505be5b/Mario-Enache,True,2023-2024,GK,FC U Craiova,ROU
Cornel Ene,/en/players/b572c31e/Cornel-Ene,True,2014-2023,DF,"Kisvárda, Pandurii Târgu Jiu, CFR Cluj, Gyirmót, FC Sibiu, Juventus București, Mioveni",ROU
Carlo Erdei,/en/players/7f8d0317/Carlo-Erdei,True,2017-2018,MF,Balmazújváros,ROU
Mihai Eșanu,/en/players/54e1e4a1/Mihai-Esanu,True,2018-2024,GK,"Petrolul Ploiești, Dinamo București",ROU
Aurelian Eusebio Păun,/en/players/48802053/Aurelian-Eusebio-Paun,True,2020-2024,GK,"Oțelul Galați, FC Academica Clinceni",ROU
Diego Farcas,/en/players/cad31716/Diego-Farcas,True,2023-2024,MF,Politehnica Iași,ROU
Kehinde Fatai,/en/players/5046d8b7/Kehinde-Fatai,True,2007-2024,FW,"Oțelul Galați, Astra Ploiești, Ufa, Sparta Prague, Farul Constanța, Argeș Pitești, Club Brugge",ROU
Raúl Feher,/en/players/ff7c882b/Raul-Feher,True,2018-2022,DF,,ROU
Béla Fejér,/en/players/b0b6391f/Bela-Fejer,True,2014-2021,GK,Sepsi Sfântu Gheorghe,ROU
Alin Fica,/en/players/c4c4d9a1/Alin-Fica,True,2019-2024,MF,CFR Cluj,ROU
Maria Ficzay,/en/players/b4ba27da/Maria-Ficzay,True,2016-2024,DF,"Fortuna Hjørring, Romania, Medyk Konin",ROU
Ioan Filip,/en/players/f02cacd5/Ioan-Filip,True,2010-2024,MF,"Universitatea Cluj, Botoșani, Oțelul Galați, Debrecen, Dinamo București, Viitorul Constanța, Petrolu",ROU
Robert Filip,/en/players/31328efd/Robert-Filip,True,2019-2024,MF,CFR Cluj,ROU
Steliano Filip,/en/players/0ce95ada/Steliano-Filip,True,2012-2024,"DF,MF","Mezőkövesd, Dinamo București, Larissa, Viitorul Constanța, Hajduk Split, Romania, Dunărea Călărași",ROU
Paul-Gabriel Fleseriu,/en/players/136ea8cd/Paul-Gabriel-Fleseriu,True,2022-2024,GK,"Arminia Bielefeld U17, Arminia Bielefeld U19",ROU
Istrate Florentina,/en/players/fbe802ae/Istrate-Florentina,True,2025,MF,,ROU
Andrei Florescu,/en/players/242cb8bb/Andrei-Florescu,True,2021-2024,FW,Dinamo București,ROU
Eduard Florescu,/en/players/370e920f/Eduard-Florescu,True,2018-2024,MF,Botoșani,ROU
Alexandru Florin Iordache,/en/players/13ad77f4/Alexandru-Florin-Iordache,True,2023-2024,DF,FC U Craiova,ROU
István Fülöp,/en/players/dda9cdf1/Istvan-Fulop,True,2013-2022,"FW,MF","Botoșani, Sepsi Sfântu Gheorghe, Diósgyőr",ROU
Lóránd Fülöp,/en/players/bf48383f/Lorand-Fulop,True,2016-2024,"FW,MF","Botoșani, Voluntari, Sepsi Sfântu Gheorghe, Universitatea Cluj",ROU
David Gabriel,/en/players/02e8bb30/David-Gabriel,True,2021-2024,MF,Botoșani,ROU
Valerică Găman,/en/players/cf41510e/Valerica-Gaman,True,2006-2024,DF,"FC Sibiu, Astra Ploiești, Universitatea Craiova, CS Universitatea Craiova, Al-Shabab, Kardemir Karab",ROU
Cristian Ganea,/en/players/baf5665c/Cristian-Ganea,True,2014-2024,"DF,MF","Farul Constanța, FCSB, Viitorul Constanța, Aris, Numancia, Brașov, Panathinaikos, Romania",ROU
George Ganea,/en/players/65718f49/George-Ganea,True,2018-2024,FW,"Újpest, Viitorul Constanța, FC U Craiova, Farul Constanța, Argeș Pitești",ROU
Florin Gaspar,/en/players/23a5a8a2/Florin-Gaspar,True,2023-2024,DF,CS Universitatea Craiova,ROU
Bogdan Gavrilă,/en/players/17e9bce3/Bogdan-Gavrila,True,2013-2024,"FW,MF","NEROCA, Dinamo București, Petrolul Ploiești, Oțelul Galați, Politehnica Iași",ROU
Hunor Gedo,/en/players/fb83705c/Hunor-Gedo,True,2021-2024,GK,Sepsi Sfântu Gheorghe,ROU
Daniel George Paraschiv,/en/players/b143ac89/Daniel-George-Paraschiv,True,2021-2024,FW,"FC Sibiu, Voluntari",ROU
Erika Geréd,/en/players/b1dbf523/Erika-Gered,True,2019-2025,DF,Romania,ROU
Botond Gergely,/en/players/20cc86e0/Botond-Gergely,True,2022-2023,DF,,ROU
Gabriel Gheorghe,/en/players/8da545a2/Gabriel-Gheorghe,True,2022-2024,MF,Rapid București,ROU
Ion Gheorghe,/en/players/b82e602a/Ion-Gheorghe,True,2017-2024,"FW,MF","Sepsi Sfântu Gheorghe, Stal Mielec, Voluntari, Dinamo București",ROU
Valentin Gheorghe,/en/players/003ffc34/Valentin-Gheorghe,True,2016-2024,"DF,FW","FCSB, Universitatea Cluj, Astra Giurgiu, Ümraniyespor",ROU
Andrei Gheorghiță,/en/players/0634a6d1/Andrei-Gheorghita,True,2023-2024,MF,Politehnica Iași,ROU
Darius Ghindovean,/en/players/d023eec5/Darius-Ghindovean,True,2017-2024,MF,"Preußen Münster, MSV Duisburg U19, MSV Duisburg, MSV Duisburg U17",ROU
Virgil Ghiță,/en/players/1c87b949/Virgil-Ghita,True,2015-2024,DF,"Cracovia, Viitorul Constanța, Farul Constanța",ROU
Deniz Giafer,/en/players/d065bbd9/Deniz-Giafer,True,2021-2024,DF,Dinamo București,ROU
Orlando Gill,/en/players/0bc6f8cf/Orlando-Gill,True,2019-2024,MF,UTA Arad,ROU
Adina Giurgiu,/en/players/0df7ce38/Adina-Giurgiu,True,2017-2022,DF,"Sassuolo, Romania, FC Nordsjælland",ROU
Brigitta Gődér,/en/players/2ccfa521/Brigitta-Goder,True,2017-2025,DF,Romania,ROU
Matei Goga,/en/players/273190d1/Matei-Goga,True,2023-2024,GK,CS Universitatea Craiova,ROU
George Gogescu,/en/players/6c548edd/George-Gogescu,True,2023-2024,DF,FCSB,ROU
Raul Gogonea,/en/players/647a8576/Raul-Gogonea,True,2023-2024,FW,Freiburg U17,ROU
Cătălin Gogor,/en/players/918d98bd/Catalin-Gogor,True,2020-2021,DF,,ROU
Cătălin Golofca,/en/players/fc3f41aa/Catalin-Golofca,True,2016-2024,"FW,MF","Botoșani, Sepsi Sfântu Gheorghe, CFR Cluj, FCSB",ROU
Andrei Gorcea,/en/players/5f1568f6/Andrei-Gorcea,True,2022-2024,GK,Universitatea Cluj,ROU
Constantin Grameni,/en/players/4ebf2fd6/Constantin-Grameni,True,2019-2024,MF,"Farul Constanța, Viitorul Constanța",ROU
Răzvan Greu,/en/players/3869d437/Razvan-Greu,True,2013-2017,MF,Botoșani,ROU
Dragoș Grigore,/en/players/5c4f0f49/Dragos-Grigore,True,2008-2024,DF,"Rapid București, Dinamo București, Ludogorets Razgrad, Romania, Toulouse",ROU
Iustin Grigore,/en/players/2c247e2e/Iustin-Grigore,True,2022-2024,FW,Sepsi Sfântu Gheorghe,ROU
Ricardo Grigore,/en/players/0972da7d/Ricardo-Grigore,True,2017-2024,DF,"Dinamo București, FC U Craiova",ROU
Darius Grosu,/en/players/0622f152/Darius-Grosu,True,2018-2024,DF,Farul Constanța,ROU
Gheorghe Grozav,/en/players/a336f9a3/Gheorghe-Grozav,True,2009-2024,"FW,MF","Petrolul Ploiești, Terek Grozny, Kisvárda, Diósgyőr, MTK Budapest, Universitatea Cluj, Romania, Unir",ROU
Ionut Gurău,/en/players/f4a9a1d6/Ionut-Gurau,True,2022-2024,GK,FC U Craiova,ROU
Mihai Gusu,/en/players/97ea9c29/Mihai-Gusu,True,2017-2021,DF,AlbinoLeffe,ROU
Remus Gutea,/en/players/a6a0e3d3/Remus-Gutea,True,2022-2023,MF,Mioveni,ROU
Ianis Hagi,/en/players/0127419a/Ianis-Hagi,True,2014-2024,"FW,MF","Rangers, Romania, Alavés, Viitorul Constanța, Genk",ROU
Sergiu Hanca,/en/players/d18ea490/Sergiu-Hanca,True,2014-2024,MF,"Petrolul Ploiești, Cracovia, Dinamo București, Târgu Mureș, CS Universitatea Craiova, Romania",ROU
Denis Haruț,/en/players/3d38fb36/Denis-Harut,True,2016-2024,DF,"FCSB, Botoșani, Poli Timișoara",ROU
Andreea Herczeg,/en/players/e068cde6/Andreea-Herczeg,True,2017-2025,MF,"Romania, Kungsbacka",ROU
Otto Hindrich,/en/players/c8c794df/Otto-Hindrich,True,2019-2024,GK,"CFR Cluj, Kisvárda",ROU
Cătălin Hlistei,/en/players/ca9a761e/Catalin-Hlistei,True,2016-2024,MF,"Politehnica Iași, Pandurii Târgu Jiu, Rapid București, Universitatea Cluj",ROU
Albert Hofman,/en/players/c3fd7dbf/Albert-Hofman,True,2022-2024,FW,Universitatea Cluj,ROU
Alexandru Hrib,/en/players/2076b055/Alexandru-Hrib,True,2023-2024,MF,Politehnica Iași,ROU
Florin Iacob,/en/players/6efa18be/Florin-Iacob,True,2013-2024,GK,"UTA Arad, Brașov, Concordia Chiajna",ROU
Paul Iacob,/en/players/1d71bd63/Paul-Iacob,True,2014-2024,"DF,MF","Rapid București, Chindia Târgoviște, Viitorul Constanța",ROU
Dragoș Iancu ,/en/players/471b9db9/Dragos-Iancu,True,2020-2024,MF,"FC Sibiu, Gaz Metan Mediaș",ROU
Gabriel Iancu,/en/players/ded8c0c2/Gabriel-Iancu,True,2012-2024,"FW,MF","FC Sibiu, Viitorul Constanța, Steaua București, FC U Craiova, Bruk-Bet Termalica Nieciecza, Dunărea",ROU
Cristian Ignat,/en/players/5408d276/Cristian-Ignat,True,2021-2023,DF,Rapid București,ROU
Narcis Ilaș,/en/players/20e667ea/Narcis-Ilas,True,2022-2023,DF,,ROU
Filip Ilie,/en/players/93c52b73/Filip-Ilie,True,2023-2024,FW,Universitatea Cluj,ROU
Florin Ilie,/en/players/ba76d0df/Florin-Ilie,True,2012-2024,DF,"Politehnica Iași, Universitatea Cluj, UTA Arad, Pandurii Târgu Jiu, Concordia Chiajna, Corona Brașov",ROU
Mario Ilie,/en/players/d07d9242/Mario-Ilie,True,2022-2024,FW,FC U Craiova,ROU
Matei Ilie,/en/players/6ccfb640/Matei-Ilie,True,2020-2024,DF,CFR Cluj,ROU
Rareş Ilie,/en/players/c9f49454/Rares-Ilie,True,2021-2024,MF,"Lausanne-Sport, Rapid București, Nice",ROU
Grigore Ioan Turda,/en/players/66e335cd/Grigore-Ioan-Turda,True,2020-2024,DF,"Voluntari, Argeș Pitești",ROU
Alexandru Ioniță,/en/players/4c86791f/Alexandru-Ionita,True,2012-2024,"FW,MF","Rapid București, Astra Giurgiu, CFR Cluj, CS Universitatea Craiova",ROU
Olga Iordachiusi,/en/players/dc191aa4/Olga-Iordachiusi,True,2024-2025,MF,Romania,ROU
David Irimia,/en/players/19170a54/David-Irimia,True,2023-2024,DF,Dinamo București,ROU
Dragoș Irimia,/en/players/a7a8e7d3/Dragos-Irimia,True,2023-2024,MF,Dinamo București,ROU
Damian Isac,/en/players/ffcc275b/Damian-Isac,True,2020-2024,MF,UTA Arad,ROU
Alexandru Ișfan,/en/players/7133ffbc/Alexandru-Isfan,True,2021-2024,MF,"CS Universitatea Craiova, Petrolul Ploiești, Argeș Pitești",ROU
Rareș Ispas,/en/players/16762bf7/Rares-Ispas,True,2018-2024,DF,"Politehnica Iași, Sepsi Sfântu Gheorghe",ROU
Darius Iurasciuc,/en/players/7da5b816/Darius-Iurasciuc,True,2021-2024,DF,UTA Arad,ROU
Andreas Ivan,/en/players/8bf58a80/Andreas-Ivan,True,2013-2023,MF,"New York Red Bulls, Stuttgarter Kickers, New York Red Bulls II",ROU
Andrei Ivan,/en/players/fa14dd4f/Andrei-Ivan,True,2014-2024,"FW,MF","CS Universitatea Craiova, Rapid Wien, Romania, Krasnodar",ROU
Andrei Jercalau,/en/players/74dd4240/Andrei-Jercalau,True,2022-2024,GK,Petrolul Ploiești,ROU
Alexandru Jipa,/en/players/9f3a74bc/Alexandru-Jipa,True,2021-2024,MF,"FC Sibiu, Chindia Târgoviște",ROU
Norbert Kocsis,/en/players/23fe6ee8/Norbert-Kocsis,True,2022-2024,FW,Sepsi Sfântu Gheorghe,ROU
Raul Krausz,/en/players/381b2b83/Raul-Krausz,True,2014-2015,MF,,ROU
Eduard Lambrinoc,/en/players/28620288/Eduard-Lambrinoc,True,2023-2024,FW,Voluntari,ROU
Robert Lăpădătescu,/en/players/1ea2f132/Robert-Lapadatescu,True,2023-2024,MF,CS Universitatea Craiova,ROU
Ionuț Larie,/en/players/53685aa2/Ionut-Larie,True,2006-2024,"DF,MF","Farul Constanța, CFR Cluj, Gaz Metan Mediaș, Viitorul Constanța, FCSB",ROU
Matyas Laszlo,/en/players/d4eaca95/Matyas-Laszlo,True,2023-2024,MF,FCSB,ROU
Andreea Lavric,/en/players/c04aca53/Andreea-Lavric,True,2023-2024,MF,SPG FC Lustenau/FC Dornbirn Ladies,ROU
David Lazar,/en/players/a30c0db2/David-Lazar,True,2010-2024,GK,"CS Universitatea Craiova, Astra Giurgiu, Pandurii Târgu Jiu, Botoșani",ROU
Marius Leca,/en/players/1047bd20/Marius-Leca,True,2018-2024,DF,NEROCA,ROU
Mihai Lixandru,/en/players/20b2728b/Mihai-Lixandru,True,2021-2024,MF,"FCSB, Mioveni, Gaz Metan Mediaș",ROU
Alexandru Luca,/en/players/5c283691/Alexandru-Luca,True,2023-2024,MF,FC Sibiu,ROU
Tudor Lucaci,/en/players/10649cd4/Tudor-Lucaci,True,2022-2024,MF,CFR Cluj,ROU
Silviu Lung Jr.,/en/players/336b7d28/Silviu-Lung-Jr,True,2007-2024,GK,"Politehnica Iași, Astra Ploiești, Kayserispor, Universitatea Craiova, Al-Raed, Romania",ROU
Denis Lungu,/en/players/0dc721bb/Denis-Lungu,True,2023-2024,GK,UTA Arad,ROU
Sebastian Mailat,/en/players/2996472b/Sebastian-Mailat,True,2015-2024,"FW,MF","Botoșani, Poli Timișoara, CFR Cluj, Voluntari, Gaz Metan Mediaș",ROU
Dennis Man,/en/players/2079b3cc/Dennis-Man,True,2016-2024,"FW,MF","Parma, Romania, Steaua București",ROU
Cristian Manea,/en/players/db74c6d3/Cristian-Manea,True,2013-2024,DF,"CFR Cluj, Romania, Viitorul Constanța, Excel Mouscron",ROU
Carmen Marcu,/en/players/8692739f/Carmen-Marcu,True,2022-2025,FW,Romania,ROU
Iulius Marginean,/en/players/0e557842/Iulius-Marginean,True,2019-2024,FW,Ternana,ROU
Ana Maria Stanciu,/en/players/42e00b96/Ana-Maria-Stanciu,True,2024-2025,DF,Romania,ROU
Marius Marin,/en/players/a5106847/Marius-Marin,True,2016-2024,MF,"Pisa, Romania",ROU
Răzvan Marin,/en/players/7fac99d4/Razvan-Marin,True,2013-2024,MF,"Empoli, Romania, Standard Liège, Cagliari, Viitorul Constanța, Ajax",ROU
Emanuel Marincau,/en/players/68583b14/Emanuel-Marincau,True,2021-2024,FW,"Mainz 05 U19, Mainz 05 U17",ROU
Toma Marinică Niga,/en/players/695d4cf4/Toma-Marinica-Niga,True,2018-2024,GK,Politehnica Iași,ROU
Jovan Marković,/en/players/5353b6f9/Jovan-Markovic,True,2016-2024,FW,"CS Universitatea Craiova, FC Academica Clinceni, Romania",ROU
Marius Martac,/en/players/a85a3640/Marius-Martac,True,2013-2024,DF,"Politehnica Iași, Chindia Târgoviște, Corona Brașov",ROU
Alexandru Mățan,/en/players/3bd3bcc4/Alexandru-Matan,True,2015-2024,"FW,MF","Columbus Crew, Viitorul Constanța, Voluntari, Rapid București",ROU
Cosmin Matei,/en/players/3caf6281/Cosmin-Matei,True,2008-2024,"FW,MF","Sepsi Sfântu Gheorghe, Dinamo București, Viitorul Constanța, Istra 1961, Gençlerbirliği, Farul Const",ROU
Robert Matei,/en/players/d5f6b1ee/Robert-Matei,True,2023-2024,GK,Ternana,ROU
Alexandru Mateiu,/en/players/0f6fa2a3/Alexandru-Mateiu,True,2009-2024,MF,"CS Universitatea Craiova, Brașov",ROU
Alexandru Maxim,/en/players/61fc9685/Alexandru-Maxim,True,2012-2024,MF,"Gaziantep FK, Stuttgart, Mainz 05, Romania, Pandurii Târgu Jiu, Beşiktaş",ROU
Adrian Mazilu,/en/players/6029f951/Adrian-Mazilu,True,2022-2024,FW,"Farul Constanța, Vitesse",ROU
Teodora Meluță,/en/players/16552294/Teodora-Meluta,True,2017-2025,DF,Romania,ROU
George Merloi,/en/players/8a9e9620/George-Merloi,True,2019-2024,MF,"Voluntari, FC Academica Clinceni, Astra Giurgiu",ROU
George Micle,/en/players/a5dc2f7d/George-Micle,True,2020-2023,GK,Argeș Pitești,ROU
Claudiu Micovschi,/en/players/1bb49bb9/Claudiu-Micovschi,True,2020-2024,MF,"UTA Arad, Reggina",ROU
Sebastian Micu,/en/players/810efecf/Sebastian-Micu,True,2022-2023,GK,,ROU
David Miculescu,/en/players/ac5566ac/David-Miculescu,True,2020-2024,"FW,MF","FCSB, UTA Arad",ROU
Cristian Mihai,/en/players/f4c08f67/Cristian-Mihai,True,2021-2024,MF,UTA Arad,ROU
Cătălin Mihai Itu,/en/players/3564fbc8/Catalin-Mihai-Itu,True,2018-2024,MF,"Politehnica Iași, CFR Cluj, Dinamo București",ROU
Luca Mihai,/en/players/7308f1c6/Luca-Mihai,True,2023-2024,MF,"Politehnica Iași, CFR Cluj",ROU
Valentin Mihaila,/en/players/81a4c239/Valentin-Mihaila,True,2017-2024,"FW,MF","Parma, Romania, Universitatea Craiova, Atalanta",ROU
George Miron,/en/players/f570cde4/George-Miron,True,2014-2024,DF,"Botoșani, Universitatea Cluj, FCSB, Oțelul Galați",ROU
Bogdan Mitrea,/en/players/e1928361/Bogdan-Mitrea,True,2012-2024,DF,"Universitatea Cluj, Viitorul Constanța, Sepsi Sfântu Gheorghe, Studențesc Iași, CS Universitatea Cra",ROU
Alexandru Mitriță,/en/players/49db4b16/Alexandru-Mitrita,True,2012-2024,"FW,MF","CS Universitatea Craiova, Viitorul Constanța, New York City FC, Pescara, PAOK, Al-Raed, Al-Ahli, Rom",ROU
Zoran Mitrov,/en/players/9bc01002/Zoran-Mitrov,True,2023-2024,FW,"Botoșani, Petrolul Ploiești",ROU
Sebastian Mladen,/en/players/5fa09c2e/Sebastian-Mladen,True,2012-2024,"DF,MF","Panetolikos, Viitorul Constanța, Farul Constanța, Olhanense",ROU
Claudio Mocanu,/en/players/89ee2bf4/Claudio-Mocanu,True,2023-2024,DF,Oțelul Galați,ROU
Vasile Mogos,/en/players/5a8d43dd/Vasile-Mogos,True,2015-2024,"DF,MF","CFR Cluj, Romania, Cremonese, Ascoli, Chievo, Crotone",ROU
Sorin Mogoşanu,/en/players/0333332b/Sorin-Mogosanu,True,2021-2024,GK,FC U Craiova,ROU
Romario Moise,/en/players/a2d1737e/Romario-Moise,True,2015-2023,MF,"Astra Giurgiu, Rapid București, Beroe",ROU
Claudiu Moisie,/en/players/7fec5738/Claudiu-Moisie,True,2021-2023,DF,Argeș Pitești,ROU
Dinu Moldovan,/en/players/ab67f429/Dinu-Moldovan,True,2012-2024,GK,"Sepsi Sfântu Gheorghe, Ponferradina, Chindia Târgoviște",ROU
Horaţiu Moldovan,/en/players/771ded26/Horatiu-Moldovan,True,2019-2024,GK,"Rapid București, Romania, Atlético Madrid, UTA Arad",ROU
Vlad Morar,/en/players/fd96232b/Vlad-Morar,True,2010-2024,FW,"UTA Arad, Panetolikos, Gaz Metan Mediaș, Universitatea Cluj, Farul Constanța, Petrolul Ploiești, Vii",ROU
Matei Moraru,/en/players/872ebc16/Matei-Moraru,True,2022-2023,MF,,ROU
Olimpiu Moruțan,/en/players/35f67791/Olimpiu-Morutan,True,2016-2024,"FW,MF","Ankaragücü, Romania, FCSB, Botoșani, Pisa, Galatasaray",ROU
Andrei Motoc,/en/players/b64073a0/Andrei-Motoc,True,2020-2024,MF,Salernitana,ROU
Alexandru Munteanu,/en/players/0791d20d/Alexandru-Munteanu,True,2022-2024,FW,Voluntari,ROU
Louis Munteanu,/en/players/4692ecb3/Louis-Munteanu,True,2018-2024,FW,"Farul Constanța, Romania, Viitorul Constanța",ROU
Stefan Musat,/en/players/3639827b/Stefan-Musat,True,2023-2024,GK,Farul Constanța,ROU
Alexandru Musi,/en/players/7507d846/Alexandru-Musi,True,2020-2024,MF,"Petrolul Ploiești, FCSB",ROU
Robert Mustacă,/en/players/b8d83a08/Robert-Mustaca,True,2023-2024,FW,"UTA Arad, Voluntari",ROU
Vlad Muțiu,/en/players/2b339729/Vlad-Mutiu,True,2014-2024,GK,"FC Sibiu, Dinamo București",ROU
Luca Nagy,/en/players/dd0a7fea/Luca-Nagy,True,2023-2024,MF,Universitatea Cluj,ROU
Ionuț Neagu,/en/players/b6b0a465/Ionut-Neagu,True,2008-2024,MF,"Oțelul Galați, Steaua București, Gaz Metan Mediaș, Cherno More",ROU
Ionuț Nedelcearu,/en/players/7e40455a/Ionut-Nedelcearu,True,2013-2024,DF,"Palermo, Romania, Dinamo București, Ufa, Crotone, AEK Athens",ROU
Dragoș Nedelcu,/en/players/64ec2f85/Dragos-Nedelcu,True,2014-2024,"DF,MF","Farul Constanța, Viitorul Constanța, FCSB, Düsseldorf, Romania",ROU
Gabriel Nedelea,/en/players/c57de830/Gabriel-Nedelea,True,2023-2024,DF,Oțelul Galați,ROU
Claudiu Negoescu,/en/players/35557be9/Claudiu-Negoescu,True,2020-2024,FW,UTA Arad,ROU
Radu Negru,/en/players/c8473d3f/Radu-Negru,True,2021-2024,DF,FC U Craiova,ROU
Cristian Negut,/en/players/4100758d/Cristian-Negut,True,2019-2024,"FW,MF","FC Sibiu, Chindia Târgoviște, CFR Cluj",ROU
Alex Nicolae Militaru,/en/players/13cb046e/Alex-Nicolae-Militaru,True,2023-2024,MF,Politehnica Iași,ROU
Rajmund Niczuly,/en/players/3a3da688/Rajmund-Niczuly,True,2022-2024,GK,Sepsi Sfântu Gheorghe,ROU
Roland Niczuly,/en/players/e8518c73/Roland-Niczuly,True,2017-2024,GK,Sepsi Sfântu Gheorghe,ROU
Akos Nistor,/en/players/3264d137/Akos-Nistor,True,2021-2024,MF,Sepsi Sfântu Gheorghe,ROU
Dan Nistor,/en/players/0e21da0b/Dan-Nistor,True,2010-2024,MF,"Universitatea Cluj, Pandurii Târgu Jiu, CS Universitatea Craiova, Dinamo București, CFR Cluj, Evian,",ROU
Andreas Nita,/en/players/ccbd9a1f/Andreas-Nita,True,2023-2024,MF,Voluntari,ROU
Florin Niță,/en/players/a9a3b55d/Florin-Nita,True,2011-2024,GK,"Gaziantep FK, Romania, Sparta Prague, Steaua București, Concordia Chiajna, FK Pardubice",ROU
Răzvan Oaidă,/en/players/02b5c787/Razvan-Oaida,True,2017-2024,MF,"Rapid București, FCSB, Botoșani",ROU
Dorinel Oancea,/en/players/f3ea60d4/Dorinel-Oancea,True,2021-2024,"DF,MF","Universitatea Cluj, Mioveni",ROU
Darius Olaru,/en/players/9a129e64/Darius-Olaru,True,2016-2024,"FW,MF","FCSB, Romania, Gaz Metan Mediaș",ROU
Denis Oncescu,/en/players/b0f857a9/Denis-Oncescu,True,2020-2021,GK,,ROU
Razvan Onea,/en/players/8e521c66/Razvan-Onea,True,2019-2024,DF,"Rapid București, Politehnica Iași",ROU
Gino Oprescu,/en/players/6d392a57/Gino-Oprescu,True,2021-2023,MF,,ROU
Raul Oprut,/en/players/ae3f56c2/Raul-Oprut,True,2016-2024,DF,"FC Sibiu, Romania, Kortrijk",ROU
Alexandru Oroian,/en/players/61da61cf/Alexandru-Oroian,True,2020-2024,MF,"FC Sibiu, UTA Arad",ROU
Darius Oroian,/en/players/41502dcc/Darius-Oroian,True,2023-2024,DF,Sepsi Sfântu Gheorghe,ROU
Bogdan Oteliță,/en/players/7d27022f/Bogdan-Otelita,True,2023-2024,DF,Sepsi Sfântu Gheorghe,ROU
Ricardo Padurariu,/en/players/1e0b9329/Ricardo-Padurariu,True,2023-2024,DF,FCSB,ROU
Andrei Panait,/en/players/47b7d74a/Andrei-Panait,True,2020-2023,MF,Mioveni,ROU
Dan Panait,/en/players/91e259fb/Dan-Panait,True,2017-2024,DF,"Oțelul Galați, Concordia Chiajna",ROU
Andrei Pandele,/en/players/e8be4c20/Andrei-Pandele,True,2019-2024,MF,FCSB,ROU
Stefan Panoiu,/en/players/da4a817c/Stefan-Panoiu,True,2021-2024,MF,"Rapid București, Universitatea Cluj",ROU
Alexandru Pantea,/en/players/b3f31b62/Alexandru-Pantea,True,2019-2024,DF,FCSB,ROU
Ionuț Panțîru,/en/players/3fa73292/Ionut-Pantiru,True,2016-2024,DF,"FCSB, Politehnica Iași",ROU
Eduard Pap,/en/players/3434b417/Eduard-Pap,True,2013-2024,GK,"Oțelul Galați, Botoșani, Târgu Mureș, Poli Timișoara",ROU
Paul Papp,/en/players/db51db03/Paul-Papp,True,2008-2024,DF,"Petrolul Ploiești, Vaslui, CS Universitatea Craiova, Steaua București, Kardemir Karabükspor, Sivassp",ROU
Andreea Părăluță,/en/players/ce7d6429/Andreea-Paraluta,True,2017-2025,GK,"Romania, Fortuna Hjørring",ROU
David Paraschiv,/en/players/a9675ed9/David-Paraschiv,True,2023-2024,MF,Petrolul Ploiești,ROU
Alexandru Pașcanu,/en/players/9c748401/Alexandru-Pascanu,True,2016-2024,DF,"Sporting Gijón, Ponferradina, Leicester City U23, Voluntari, CFR Cluj",ROU
Andrei Patache,/en/players/3e691570/Andrei-Patache,True,2013-2024,DF,"Botoșani, Concordia Chiajna",ROU
Răzvan Patriche,/en/players/8853f638/Razvan-Patriche,True,2010-2024,DF,"Dinamo București, FC Academica Clinceni, Sportul Studențesc București",ROU
Marius Paul Antoche,/en/players/bd859c0e/Marius-Paul-Antoche,True,2022-2024,MF,FC Sibiu,ROU
Alexandru Păun,/en/players/60db2f9b/Alexandru-Paun,True,2013-2023,"FW,MF",CFR Cluj,ROU
Nicolae Paun,/en/players/04d9d7c9/Nicolae-Paun,True,2020-2024,MF,Sepsi Sfântu Gheorghe,ROU
Ovidiu Perianu,/en/players/9c7ba711/Ovidiu-Perianu,True,2019-2024,MF,"Universitatea Cluj, FCSB, Botoșani, Chindia Târgoviște",ROU
Andrei Peteleu,/en/players/839ef2b8/Andrei-Peteleu,True,2012-2024,DF,"CFR Cluj, Universitatea Cluj, Petrolul Ploiești, Săgeata Năvodari, Kisvárda, Gloria Bistrița, UTA Ar",ROU
Leon Pető,/en/players/50309655/Leon-Peto,True,2018-2021,MF,"Mainz 05 U17, Mainz 05 U19",ROU
Adrian Petre,/en/players/79022040/Adrian-Petre,True,2018-2024,FW,"FC Sibiu, Esbjerg, Farul Constanța, UTA Arad, FCSB, Cosenza, Levadiakos",ROU
Ionuț Petrescu,/en/players/fb0e6028/Ionut-Petrescu,True,2019-2024,MF,"FC Sibiu, FC Academica Clinceni",ROU
Claudiu Petrila,/en/players/2ca7d464/Claudiu-Petrila,True,2018-2024,"FW,MF","Rapid București, CFR Cluj, Sepsi Sfântu Gheorghe",ROU
Ilies Petru,/en/players/45457129/Ilies-Petru,True,2023-2024,MF,Politehnica Iași,ROU
Costin Petruț Ghiocel,/en/players/a1fcfbd8/Costin-Petrut-Ghiocel,True,2023-2024,DF,Oțelul Galați,ROU
Andrei Pițian,/en/players/36f288ba/Andrei-Pitian,True,2013-2024,"DF,MF","Universitatea Cluj, Chindia Târgoviște, Pandurii Târgu Jiu, Botoșani, Argeș Pitești, Astra Giurgiu",ROU
Alexi Pitu,/en/players/e0bb30bc/Alexi-Pitu,True,2018-2024,FW,"Bordeaux, Farul Constanța, Viitorul Constanța",ROU
Dennis Politic,/en/players/e5a61a51/Dennis-Politic,True,2018-2024,"FW,MF","Dinamo București, Port Vale, Bolton Wanderers, Salford City, Cremonese",ROU
Alexandru Pop,/en/players/33fece03/Alexandru-Pop,True,2023-2024,FW,Oțelul Galați,ROU
Ionuţ Pop,/en/players/fd1fe81d/Ionut-Pop,True,2015-2024,GK,FC Sibiu,ROU
Rareș Pop,/en/players/65cd1895/Rares-Pop,True,2021-2024,MF,UTA Arad,ROU
Vlad Pop,/en/players/7406f62a/Vlad-Pop,True,2021-2024,MF,"FC U Craiova, Mioveni",ROU
Daniel Popa,/en/players/818b7809/Daniel-Popa,True,2016-2024,"FW,MF","Universitatea Cluj, Chindia Târgoviște, Dinamo București, Botoșani",ROU
David Popa,/en/players/7177d094/David-Popa,True,2022-2024,FW,FCSB,ROU
Mihai Popa,/en/players/1ba24a13/Mihai-Popa,True,2019-2024,GK,"Torino, Voluntari, Astra Giurgiu",ROU
Robert Popa,/en/players/3ae5364d/Robert-Popa,True,2021-2024,GK,FC U Craiova,ROU
Doru Popadiuc,/en/players/8ea8dd3b/Doru-Popadiuc,True,2013-2024,"FW,MF","Universitatea Cluj, Diósgyőr, Chindia Târgoviște, Voluntari, Politehnica Iași, Ceahlăul Piatra Neamț",ROU
Călin Popescu,/en/players/c35a6edc/Calin-Popescu,True,2018-2024,MF,"Volos N.F.C., FC Sibiu, Sepsi Sfântu Gheorghe, UTA Arad",ROU
Laurențiu Popescu,/en/players/7e350e06/Laurentiu-Popescu,True,2015-2024,GK,"CS Universitatea Craiova, Pandurii Târgu Jiu",ROU
Mihai Popescu,/en/players/39ef0e95/Mihai-Popescu,True,2015-2024,DF,"Farul Constanța, Dinamo București, Hamilton Academical, Heart of Midlothian, Voluntari, St Mirren",ROU
Nicolas Popescu,/en/players/aba7ff77/Nicolas-Popescu,True,2021-2024,MF,"Farul Constanța, Voluntari",ROU
Octavian-George Popescu,/en/players/a31206f0/Octavian-George-Popescu,True,2020-2024,"FW,MF","FCSB, Romania",ROU
Ovidiu Popescu,/en/players/99a5321f/Ovidiu-Popescu,True,2015-2024,"DF,MF","FCSB, Poli Timișoara",ROU
Robert Popescu,/en/players/e19d982e/Robert-Popescu,True,2022-2024,FW,Voluntari,ROU
Davide Popșa,/en/players/42db8f3e/Davide-Popsa,True,2023-2024,DF,Sepsi Sfântu Gheorghe,ROU
Mario Prună,/en/players/a0822471/Mario-Pruna,True,2014-2015,FW,,ROU
Florin Purece,/en/players/fc848097/Florin-Purece,True,2012-2023,MF,"Concordia Chiajna, Viitorul Constanța, Farul Constanța, Sepsi Sfântu Gheorghe, Universitatea Cluj, B",ROU
George Pușcaș,/en/players/c23c8e0d/George-Puscas,True,2014-2024,FW,"Romania, Genoa, Bari, Reading, Palermo, Benevento, Novara, Pisa, Internazionale",ROU
Mihai Răcășan,/en/players/e67cb354/Mihai-Racasan,True,2023-2024,GK,CFR Cluj,ROU
Bogdan Racovitan,/en/players/f3e2f544/Bogdan-Racovitan,True,2020-2024,DF,"Raków Częstochowa, Romania, Botoșani",ROU
Eduard Radaslavescu,/en/players/accada69/Eduard-Radaslavescu,True,2021-2024,MF,"FCSB, Farul Constanța",ROU
Alexandru Radu,/en/players/9afc9f10/Alexandru-Radu,True,2023-2024,MF,CFR Cluj,ROU
Denis Radu,/en/players/c3039757/Denis-Radu,True,2023-2024,MF,Petrolul Ploiești,ROU
Ionuț Radu,/en/players/67f649be/Ionut-Radu,True,2015-2024,GK,"Bournemouth, Romania, Genoa, Avellino, Auxerre, Cremonese, Internazionale",ROU
Iustin Răducan,/en/players/750cd68b/Iustin-Raducan,True,2023-2024,FW,Petrolul Ploiești,ROU
Mihnea Radulescu,/en/players/632e9087/Mihnea-Radulescu,True,2022-2024,FW,Petrolul Ploiești,ROU
Mihai Răduț,/en/players/67a7f82b/Mihai-Radut,True,2009-2024,MF,"Voluntari, Pandurii Târgu Jiu, Astra Giurgiu, Steaua București, Lech Poznań, Internațional Curtea de",ROU
Vlad Rafailă,/en/players/ea5690c0/Vlad-Rafaila,True,2023-2024,GK,Farul Constanța,ROU
Cornel Râpă,/en/players/9e9673a1/Cornel-Rapa,True,2008-2024,"DF,MF","Cracovia, Oțelul Galați, Pogoń Szczecin, Steaua București",ROU
Andrei Ratiu,/en/players/b1b99435/Andrei-Ratiu,True,2018-2024,DF,"Rayo Vallecano, Romania, Huesca, ADO Den Haag",ROU
Alexandru Răuță,/en/players/c25da504/Alexandru-Rauta,True,2015-2023,MF,"Dinamo București, Voluntari, Pandurii Târgu Jiu, FC Sibiu, Politehnica Iași",ROU
Adrian Rautu,/en/players/c2c7abe7/Adrian-Rautu,True,2023-2024,FW,Botoșani,ROU
Denis Renta,/en/players/f19f0b0e/Denis-Renta,True,2022-2024,MF,Sepsi Sfântu Gheorghe,ROU
Alin Roman,/en/players/bdbe31ce/Alin-Roman,True,2012-2024,MF,"Politehnica Iași, Poli Timișoara",ROU
Mihai Roman,/en/players/527736fa/Mihai-Roman,True,2009-2024,FW,"Botoșani, Petrolul Ploiești, Pandurii Târgu Jiu, Universitatea Craiova, Săgeata Năvodari, NEC Nijmeg",ROU
Iulian Roșu,/en/players/bf704ce9/Iulian-Rosu,True,2011-2024,MF,"Dinamo București, Rapid București, Astra Giurgiu, Poli Timișoara, Steaua București",ROU
Neluț Roșu,/en/players/2e1ae7cb/Nelut-Rosu,True,2012-2024,MF,"Dinamo București, Concordia Chiajna, Astra Giurgiu, UTA Arad, Gaz Metan Mediaș, Viitorul Constanța,",ROU
Dorin Rotariu,/en/players/ccbf1b54/Dorin-Rotariu,True,2012-2024,"FW,MF","FCSB, Dinamo București, Atromitos, Excel Mouscron, Club Brugge, Romania, Ludogorets Razgrad, AZ Alkm",ROU
Adrian Rus,/en/players/9f5be87a/Adrian-Rus,True,2017-2024,DF,"Romania, Fehérvár, Balmazújváros, Pisa, Sepsi Sfântu Gheorghe",ROU
Andrei Rus,/en/players/94288593/Andrei-Rus,True,2023-2024,DF,Oțelul Galați,ROU
Marco Rus,/en/players/b4a87176/Marco-Rus,True,2019-2024,MF,"Universitatea Cluj, Coventry City",ROU
David Sala,/en/players/d91b7cdf/David-Sala,True,2021-2024,MF,CS Universitatea Craiova,ROU
Szidonia Salamon,/en/players/980b3755/Szidonia-Salamon,True,2022-2024,GK,Romania,ROU
Enes Sali,/en/players/acf270e0/Enes-Sali,True,2021-2024,MF,"Farul Constanța, FC Dallas",ROU
Cristian Săpunaru,/en/players/906d58bc/Cristian-Sapunaru,True,2006-2024,DF,"Rapid București, Kayserispor, Porto, Astra Giurgiu, Romania, Zaragoza, Pandurii Târgu Jiu, Denizlisp",ROU
Razvan Sava,/en/players/41efbd34/Razvan-Sava,True,2019-2024,GK,CFR Cluj,ROU
Omar El Sawy,/en/players/bc143319/Omar-El-Sawy,True,2023-2024,MF,Rapid București,ROU
Vladimir Screciu,/en/players/0efe4e86/Vladimir-Screciu,True,2015-2024,"DF,MF","CS Universitatea Craiova, Romania",ROU
Antonio Sefer,/en/players/17e69c99/Antonio-Sefer,True,2014-2023,MF,Rapid București,ROU
Alin Serban,/en/players/9abb9e4c/Alin-Serban,True,2023-2024,DF,Huesca,ROU
Daniel Şerbănică,/en/players/560666db/Daniel-Serbanica,True,2020-2023,MF,"Mioveni, Argeș Pitești",ROU
Alin Șeroni,/en/players/42c24bcd/Alin-Seroni,True,2013-2024,DF,"Botoșani, Poli Timișoara, Dunărea Călărași",ROU
Andres Sfait,/en/players/4fb7cc15/Andres-Sfait,True,2022-2024,MF,Salernitana,ROU
Robert Silaghi,/en/players/22155f2c/Robert-Silaghi,True,2023-2024,MF,"Universitatea Cluj, CFR Cluj",ROU
Valentin Sima,/en/players/3e96ea1d/Valentin-Sima,True,2021-2023,GK,Mioveni,ROU
Gabriel Simion,/en/players/3df0260b/Gabriel-Simion,True,2016-2024,"DF,MF","Universitatea Cluj, Astra Giurgiu, Dunărea Călărași, Steaua București, Juventus București",ROU
Dan Sirbu,/en/players/463bc391/Dan-Sirbu,True,2020-2024,DF,Farul Constanța,ROU
Dominik Soptirean,/en/players/64b4d3a5/Dominik-Soptirean,True,2020-2024,DF,"Augsburg U19, Augsburg U17",ROU
Deian Sorescu,/en/players/15e1f59b/Deian-Sorescu,True,2015-2024,"DF,FW","Raków Częstochowa, Romania, Gaziantep FK, Dinamo București, FCSB, Poli Timișoara",ROU
Florentina Spânu,/en/players/7f7c4454/Florentina-Spanu,True,2016-2025,"FW,MF","Fortuna Hjørring, Romania, FC Nordsjælland",ROU
Albert Stahl,/en/players/2e67a421/Albert-Stahl,True,2019-2024,"FW,MF","UTA Arad, Astra Giurgiu, Rapid București",ROU
Maria Stamate,/en/players/feb50246/Maria-Stamate,True,2022,MF,,ROU
Alexandru Stan,/en/players/d3b557fd/Alexandru-Stan,True,2009-2024,"DF,MF","Rapid București, Astra Giurgiu, Concordia Chiajna, FCSB",ROU
Cosmin Stana,/en/players/5c49c450/Cosmin-Stana,True,2022-2023,MF,,ROU
Nicolae Stanciu,/en/players/e07c2923/Nicolae-Stanciu,True,2009-2024,MF,"Romania, Damac, Steaua București, Slavia Prague, Wuhan Three Towns FC, Anderlecht, Vaslui, Sparta Pr",ROU
Raul Stanciu,/en/players/1b1a3133/Raul-Stanciu,True,2023-2024,FW,UTA Arad,ROU
Raul Steau,/en/players/2c4fca1f/Raul-Steau,True,2020-2023,MF,"Gaz Metan Mediaș, UTA Arad",ROU
Florin Ștefan,/en/players/681eadc5/Florin-Stefan,True,2017-2024,"DF,MF","Sepsi Sfântu Gheorghe, Juventus București, Rapid București, CFR Cluj",ROU
Marius Ştefănescu,/en/players/2866631c/Marius-Stefanescu,True,2019-2024,"DF,FW",Sepsi Sfântu Gheorghe,ROU
Stefan Stefanovici,/en/players/4e03fabd/Stefan-Stefanovici,True,2023-2024,DF,Politehnica Iași,ROU
Alexandru Stoian,/en/players/83f18472/Alexandru-Stoian,True,2022-2024,FW,Farul Constanța,ROU
Relu Stoian,/en/players/d964aef1/Relu-Stoian,True,2017-2024,GK,"Oțelul Galați, Juventus București",ROU
Ianis Stoica,/en/players/704bf164/Ianis-Stoica,True,2018-2024,"FW,MF","Universitatea Cluj, FC Sibiu, FCSB",ROU
Ionuț Stoica,/en/players/06161d4a/Ionut-Stoica,True,2018-2024,DF,FC Sibiu,ROU
Cătălin Straton,/en/players/27cb42d4/Catalin-Straton,True,2009-2023,GK,"Poli Timișoara, Dunărea Călărași, Argeș Pitești, Vaslui, Universitatea Craiova, Dinamo București, Ra",ROU
Sergiu Suciu,/en/players/f9179751/Sergiu-Suciu,True,2008-2022,MF,"Venezia, Juve Stabia, Crotone, Chindia Târgoviște, Torino, Pordenone Calcio",ROU
Adrian Șut,/en/players/b2d26e0a/Adrian-Sut,True,2015-2024,MF,"FCSB, Romania, FC Academica Clinceni",ROU
Nándor Tamás,/en/players/5116e053/Nandor-Tamas,True,2018-2022,FW,"Puskás Akadémia, Sepsi Sfântu Gheorghe",ROU
Razvan Tanasa,/en/players/59d52aac/Razvan-Tanasa,True,2020-2024,MF,Oțelul Galați,ROU
Vlad Tanasa,/en/players/ef6be8cf/Vlad-Tanasa,True,2023-2024,GK,Sepsi Sfântu Gheorghe,ROU
Florin Tănase,/en/players/b175c21c/Florin-Tanase,True,2013-2024,"FW,MF","Al Okhdood SC, Romania, Steaua București, Viitorul Constanța",ROU
Stefan Târnovanu,/en/players/f8349128/Stefan-Tarnovanu,True,2017-2024,GK,"FCSB, Romania, Politehnica Iași",ROU
Madalina Tatar,/en/players/840f2e51/Madalina-Tatar,True,2021-2024,MF,Romania,ROU
Ciprian Tătărușanu,/en/players/b056e3da/Ciprian-Tatarusanu,True,2006-2024,GK,"Abha, Steaua București, Fiorentina, Nantes, Romania, Gloria Bistrița, Milan, Lyon",ROU
Alin Techereș,/en/players/44172a5f/Alin-Techeres,True,2023-2024,DF,Universitatea Cluj,ROU
Ștefan Teodor Farcaș,/en/players/c8054e2e/Stefan-Teodor-Farcas,True,2023-2024,DF,Oțelul Galați,ROU
Dragoș Tescan,/en/players/1470b415/Dragos-Tescan,True,2020-2024,MF,"Universitatea Cluj, UTA Arad",ROU
Valentin Ticu,/en/players/a779232c/Valentin-Ticu,True,2022-2024,"DF,MF","Petrolul Ploiești, Romania",ROU
Alexandru Țigănașu,/en/players/ee271b9d/Alexandru-Tiganasu,True,2010-2024,"DF,MF","Botoșani, Studențesc Iași, Astra Ploiești, Poli Timișoara",ROU
Răzvan Tincu,/en/players/5992d771/Razvan-Tincu,True,2012-2024,"DF,MF","Politehnica Iași, Botoșani, Sepsi Sfântu Gheorghe, Concordia Chiajna",ROU
Cătălin Țîră,/en/players/3c6e2539/Catalin-Tira,True,2013-2024,FW,"Dinamo București, Voluntari, Brașov, Concordia Chiajna",ROU
Andrei Tîrcoveanu,/en/players/ffc67b79/Andrei-Tircoveanu,True,2013-2024,MF,"Pacific FC, Botoșani, Gaz Metan Mediaș, Argeș Pitești, Viitorul Constanța, Dinamo București",ROU
Bogdan Țîru,/en/players/c2a0c71a/Bogdan-Tiru,True,2012-2024,DF,"Warta Poznań, CFR Cluj, Viitorul Constanța, Jagiellonia, Voluntari",ROU
Daniel Toma,/en/players/eae04d80/Daniel-Toma,True,2018-2023,MF,Mioveni,ROU
Mihai Toma,/en/players/af37bb23/Mihai-Toma,True,2022-2024,MF,FCSB,ROU
Árpád Tordai,/en/players/ce5ed8fa/Arpad-Tordai,True,2014-2023,GK,"Viitorul Constanța, Mezőkövesd, Farul Constanța",ROU
Alin Toșca,/en/players/322ba2df/Alin-Tosca,True,2010-2024,DF,"Al-Riyadh SC, Gaziantep FK, Steaua București, Viitorul Constanța, Romania, Benevento, Betis, Unirea",ROU
Atanas Trică-Balaci,/en/players/069aaeca/Atanas-Trica-Balaci,True,2020-2024,FW,CS Universitatea Craiova,ROU
Răzvan Trif,/en/players/08867e96/Razvan-Trif,True,2016-2024,"DF,MF","UTA Arad, Gaz Metan Mediaș, Mioveni",ROU
Alexandru Tudorie,/en/players/d93d7fd9/Alexandru-Tudorie,True,2012-2024,FW,"UTA Arad, Voluntari, Sepsi Sfântu Gheorghe, Oțelul Galați, Steaua București, CS Universitatea Craiov",ROU
Alexandra Tunoaia,/en/players/e015c7bc/Alexandra-Tunoaia,True,2018-2025,DF,Romania,ROU
Mihai Udrea,/en/players/9625f7f9/Mihai-Udrea,True,2019-2024,GK,FCSB,ROU
George Ungureanu,/en/players/f9fab8d8/George-Ungureanu,True,2022-2024,GK,Rapid București,ROU
Andrei Ureche,/en/players/61a2d060/Andrei-Ureche,True,2019-2024,GK,"Botoșani, FC Academica Clinceni",ROU
Gabriel Ursu,/en/players/34ac6d7a/Gabriel-Ursu,True,2023-2024,GK,Oțelul Galați,ROU
Octavian Ursu,/en/players/ecadd8fd/Octavian-Ursu,True,2013-2024,FW,"Oțelul Galați, UTA Arad, Târgu Mureș",ROU
Alexandru Utiu,/en/players/a98ae845/Alexandru-Utiu,True,2022-2024,GK,FC Sibiu,ROU
Octavian Vâlceanu,/en/players/670b4e51/Octavian-Valceanu,True,2019-2024,GK,"Voluntari, FC Academica Clinceni, Petrolul Ploiești, Gaz Metan Mediaș",ROU
Giorgiana Vasile,/en/players/bfa16e1d/Giorgiana-Vasile,True,2024-2025,MF,Romania,ROU
Gabriel Vașvari,/en/players/d05b5fe5/Gabriel-Vasvari,True,2013-2024,MF,"Politehnica Iași, Botoșani, Sepsi Sfântu Gheorghe, Poli Timișoara",ROU
Ștefania Vătafu,/en/players/56b8ab25/Stefania-Vatafu,True,2017-2025,MF,"Anderlecht, Romania",ROU
Bogdan Vătăjelu,/en/players/bdaf9703/Bogdan-Vatajelu,True,2014-2024,DF,"Universitatea Cluj, Universitatea Craiova, Sparta Prague, Jablonec, Romania",ROU
Paul Vatav,/en/players/c0ac139c/Paul-Vatav,True,2023-2024,MF,Bochum U17,ROU
Szilard Vereș,/en/players/6d4f3e37/Szilard-Veres,True,2013-2023,MF,"Mioveni, CFR Cluj, Gyirmót",ROU
Robert Vilcu,/en/players/33a62463/Robert-Vilcu,True,2023-2024,DF,UTA Arad,ROU
Ionuț Vînă,/en/players/43bf21ea/Ionut-Vina,True,2012-2024,"FW,MF","Farul Constanța, Viitorul Constanța, FCSB, CS Universitatea Craiova",ROU
Andrei Vlad,/en/players/8b3fd3af/Andrei-Vlad,True,2015-2024,GK,FCSB,ROU
Ștefan Vlădoiu,/en/players/61250eea/Stefan-Vladoiu,True,2016-2024,DF,"CS Universitatea Craiova, Universitatea Cluj, Dunărea Călărași",ROU
Ana Vlădulescu,/en/players/950e48bb/Ana-Vladulescu,True,2019-2024,MF,Romania,ROU
Laurențiu Vlăsceanu,/en/players/44d1c923/Laurentiu-Vlasceanu,True,2021-2022,DF,FC Academica Clinceni,ROU
Roberto Voican,/en/players/1eae961b/Roberto-Voican,True,2022-2024,MF,Voluntari,ROU
Andrei Vraciu,/en/players/5f88ab56/Andrei-Vraciu,True,2023-2024,MF,Petrolul Ploiești,ROU
Ionut Zanfir,/en/players/b209e559/Ionut-Zanfir,True,2021-2023,MF,,ROU
